{"count":1,"self":141.5004032,"total":1786.4369580999999,"children":{"AgentResetIfDone":{"count":171776,"self":1.5361848,"total":1.5361848,"children":null},"AgentSendState":{"count":171776,"self":8.8662432,"total":12.9162815,"children":{"CollectObservations":{"count":858900,"self":4.050038,"total":4.0500378999999995,"children":null}}},"DecideAction":{"count":171776,"self":1263.1733248,"total":1596.7246364,"children":{"AgentInfo.ToProto":{"count":34356,"self":286.11530239999996,"total":333.5512874,"children":{"RayPerceptionSensor.Perceive":{"count":2576700,"self":47.435993599999996,"total":47.4359933,"children":null}}}}},"AcademyStep":{"count":171776,"self":0.8144157,"total":0.8144157,"children":null},"AgentAct":{"count":171776,"self":32.94504,"total":32.9450392,"children":null}}}